user,balance,lastTrnTime
00,92,1658715100.2870378
mj,7,1658715180.752184
je,1,1658715180.752184
rb,0,0